Workbook

Sheet Marks Data
A1: STUDENT MARKS & GRADE CALCULATOR
A3: K3:XFD3 | B3: Student Name | C3: English | D3: Mathematics | E3: Science | F3: Computer | G3: Total | H3: Percentage | I3: Grade | J3: Result
A4: 1 | B4: Aarav | C4: 78 | D4: 85 | E4: 82 | F4: 90 | G4: =SUM(C4:F4) -> 335 | H4: =G4/400*100 -> 83.75 | I4: =IF(H4>=90,"A+",IF(H4>=80,"A",IF(H4>=70,"B",IF(H4>=60,"C",IF(H4>=50,"D","F"))))) -> A | J4: =IF(MIN(C4:F4)>=40,"PASS","FAIL") -> PASS
A5: 2 | B5: Diya | C5: 92 | D5: 88 | E5: 95 | F5: 91 | G5: =SUM(C5:F5) -> 366 | H5: =G5/400*100 -> 91.5 | I5: =IF(H5>=I790,"A+",IF(H5>=80,"A",IF(H5>=70,"B",IF(H5>=60,"C",IF(H5>=50,"D","F"))))) -> A+ | J5: =IF(MIN(C5:F5)>=40,"PASS","FAIL") -> PASS
A6: 3 | B6: Kabir | C6: 65 | D6: 72 | E6: 68 | F6: 70 | G6: =SUM(C6:F6) -> 275 | H6: =G6/400*100 -> 68.75 | I6: =IF(H6>=90,"A+",IF(H6>=80,"A",IF(H6>=70,"B",IF(H6>=60,"C",IF(H6>=50,"D","F"))))) -> C | J6: =IF(MIN(C6:F6)>=40,"PASS","FAIL") -> PASS
A7: 4 | B7: Anaya | C7: 55 | D7: 61 | E7: 58 | F7: 64 | G7: =SUM(C7:F7) -> 238 | H7: =G7/400*100 -> 59.5 | I7: =IF(H7>=90,"A+",IF(H7>=80,"A",IF(H7>=70,"B",IF(H7>=60,"C",IF(H7>=50,"D","F"))))) -> D | J7: =IF(MIN(C7:F7)>=40,"PASS","FAIL") -> PASS
A8: 5 | B8: Rohan | C8: 43 | D8: 52 | E8: 48 | F8: 50 | G8: =SUM(C8:F8) -> 193 | H8: =G8/400*100 -> 48.25 | I8: =IF(H8>=90,"A+",IF(H8>=80,"A",IF(H8>=70,"B",IF(H8>=60,"C",IF(H8>=50,"D","F"))))) -> F | J8: =IF(MIN(C8:F8)>=40,"PASS","FAIL") -> PASS
A9: 6 | B9: Ishita | C9: 87 | D9: 79 | E9: 84 | F9: 88 | G9: =SUM(C9:F9) -> 338 | H9: =G9/400*100 -> 84.5 | I9: =IF(H9>=90,"A+",IF(H9>=80,"A",IF(H9>=70,"B",IF(H9>=60,"C",IF(H9>=50,"D","F"))))) -> A | J9: =IF(MIN(C9:F9)>=40,"PASS","FAIL") -> PASS
A10: 7 | B10: Vivaan | C10: 35 | D10: 45 | E10: 41 | F10: 39 | G10: =SUM(C10:F10) -> 160 | H10: =G10/400*100 -> 40 | I10: =IF(H10>=90,"A+",IF(H10>=80,"A",IF(H10>=70,"B",IF(H10>=60,"C",IF(H10>=50,"D","F"))))) -> F | J10: =IF(MIN(C10:F10)>=40,"PASS","FAIL") -> FAIL
A11: 8 | B11: Meera | C11: 74 | D11: 69 | E11: 77 | F11: 73 | G11: =SUM(C11:F11) -> 293 | H11: =G11/400*100 -> 73.25 | I11: =IF(H11>=90,"A+",IF(H11>=80,"A",IF(H11>=70,"B",IF(H11>=60,"C",IF(H11>=50,"D","F"))))) -> B | J11: =IF(MIN(C11:F11)>=40,"PASS","FAIL") -> PASS
A12: 9 | B12: Arjun | C12: 96 | D12: 94 | E12: 91 | F12: 98 | G12: =SUM(C12:F12) -> 379 | H12: =G12/400*100 -> 94.75 | I12: =IF(H12>=90,"A+",IF(H12>=80,"A",IF(H12>=70,"B",IF(H12>=60,"C",IF(H12>=50,"D","F"))))) -> A+ | J12: =IF(MIN(C12:F12)>=40,"PASS","FAIL") -> PASS
A13: 10 | B13: Sara | C13: 81 | D13: 86 | E13: 79 | F13: 84 | G13: =SUM(C13:F13) -> 330 | H13: =G13/400*100 -> 82.5 | I13: =IF(H13>=90,"A+",IF(H13>=80,"A",IF(H13>=70,"B",IF(H13>=60,"C",IF(H13>=50,"D","F"))))) -> A | J13: =IF(MIN(C13:F13)>=40,"PASS","FAIL") -> PASS
A16: CLASS SUMMARY
A17: Average Percentage | B17: =AVERAGE(H10:H13) -> 72.625
A18: Highest Percentage | B18: =MAX(H4:H13) -> 94.75
A19: Lowest Percentage | B19: =MIN(H4:H13) -> 40
A20: Students Passed | B20: =COUNTIF(Table1[Result],"PASS") -> 9
A21: Students Failed | B21: =COUNTIF(Table1[Result],"FAIL") -> 1

Sheet Dashboard
B2: STUDENT PERFORMANCE DASHBOARD
B5: TOTAL STUDENTS | E5: CLASS AVERAGE
B6: =COUNTA('[1]Marks F12Data'!B4:B13) -> 10 | E6: =AVERAGE('Marks Data'!H4:H13) -> 72.675
B9: HIGHEST % | E9: PASS RATE
B10: =MAX('Marks Data'!H4:H13) -> 94.75 | E10: =COUNTIF('Marks Data'!J4:J13,"PASS")/COUNTA('Marks Data'!J4:J13) -> 0.9

Sheet Project Report
A1: STUDENT PERFORMANCE ANALYSIS
A5: 1. Project Objective
A6: The objective of this project is to analyze student marks using Microsoft Excel and create an interactive dashboard that summarizes student performance, grades, subject averages, and pass rate.
A8: 2.Tools Used
A9: Microsoft Excel
A11: 3.Dataset
A12: The dataset contains marks for 10 students across four subjects: English, Mathematics, Science, and Computer.
A14: 4.Excel Functions Used
A15: SUM, AVERAGE, COUNTIF, IF, Conditional Formatting, Excel Tables, Cell Formatting, and Charts.
A17: 5. Key Performance Indicators
A18: Total Students: 10
A19: Class Average: 72.68
... A44: This project demonstrates how Excel can be used to transform raw student marks into meaningful performance insights through formulas, conditional formatting, KPIs, and charts.

Sheet Dashboard Data
A1: Grade | B1: Number of Students | E1: Subject | F1: Average
A2: A+ | B2: =COUNTIF('Marks Data'!I4:I13,A2) -> 2 | E2: English | F2: =AVERAGE('Marks Data'!B4:C13) -> 70.6
A3: A | B3: =COUNTIF('Marks Data'!I4:I13,A3) -> 3 | E3: Mathematics | F3: =AVERAGE('Marks Data'!D4:D13) -> 73.1
A4: B | B4: =COUNTIF('Marks Data'!I4:I13,A4) -> 1 | E4: Science | F4: =AVERAGE('Marks Data'!E4:E13) -> 72.3
A5: C | B5: =COUNTIF('Marks Data'!I4:I13,A5) -> 1 | E5: Computer | F5: =AVERAGE('Marks Data'!F4:F13) -> 74.7
A6: D | B6: =COUNTIF('Marks Data'!I7:I16,A6) -> 1
A7: F | B7: =COUNTIF('Marks Data'!I4:I13,A7) -> 2
